date,totalCapital,unrializedPnL,rializedPnL,stocksOwned,stocksPriceToday,stocksPriceBoughtAt,putOwned,putOwnedSoldAt,putPriceToday,putOwnedContract,putOwnedStrike,callOwned,callOwnedSoldAt,callPriceToday,callOwnedContract,callOwnedStrike,trackType
2019-01-02,0.0,-3.0,0.0,0,250.18,0.0,1,0.01,0.04,SPY190104P00232500,232.5,0,0.0,0.0,,0.0,normalDay
2019-01-03,0.0,-3.0,0.0,0,244.21,0.0,1,0.01,0.04,SPY190104P00232500,232.5,0,0.0,0.0,,0.0,normalDay
2019-01-04,1.0,0.0,1.0,0,252.39,0.0,1,0.01,0.0,SPY190104P00232500,232.5,0,0.0,0.0,,0.0,expirationDay
2019-01-07,1.0,0.0,0.0,0,254.38,0.0,0,0.0,0.0,,0.0,0,0.0,0.0,,0.0,bidTooLow
2019-01-08,1.0,0.0,0.0,0,256.77,0.0,0,0.0,0.0,,0.0,0,0.0,0.0,,0.0,bidTooLow
2019-01-09,1.0,0.0,0.0,0,257.97,0.0,0,0.0,0.0,,0.0,0,0.0,0.0,,0.0,bidTooLow
2019-01-10,1.0,0.0,0.0,0,258.88,0.0,0,0.0,0.0,,0.0,0,0.0,0.0,,0.0,bidTooLow
2019-01-11,1.0,0.0,0.0,0,258.98,0.0,0,0.0,0.0,,0.0,0,0.0,0.0,,0.0,bidTooLow
2019-01-14,1.0,0.0,0.0,0,257.4,0.0,0,0.0,0.0,,0.0,0,0.0,0.0,,0.0,bidTooLow
2019-01-15,1.0,0.0,0.0,0,260.35,0.0,0,0.0,0.0,,0.0,0,0.0,0.0,,0.0,bidTooLow
2019-01-16,1.0,0.0,0.0,0,260.98,0.0,0,0.0,0.0,,0.0,0,0.0,0.0,,0.0,bidTooLow
2019-01-17,1.0,0.0,0.0,0,262.96,0.0,0,0.0,0.0,,0.0,0,0.0,0.0,,0.0,bidTooLow
2019-01-18,1.0,0.0,0.0,0,266.46,0.0,0,0.0,0.0,,0.0,0,0.0,0.0,,0.0,bidTooLow
2019-01-22,1.0,0.0,0.0,0,262.86,0.0,0,0.0,0.0,,0.0,0,0.0,0.0,,0.0,bidTooLow
2019-01-23,1.0,0.0,0.0,0,263.41,0.0,0,0.0,0.0,,0.0,0,0.0,0.0,,0.0,bidTooLow
2019-01-24,1.0,0.0,0.0,0,263.55,0.0,0,0.0,0.0,,0.0,0,0.0,0.0,,0.0,bidTooLow
2019-01-25,1.0,0.0,0.0,0,265.78,0.0,0,0.0,0.0,,0.0,0,0.0,0.0,,0.0,bidTooLow
2019-01-28,1.0,0.0,0.0,0,263.76,0.0,0,0.0,0.0,,0.0,0,0.0,0.0,,0.0,bidTooLow
2019-01-29,1.0,0.0,0.0,0,263.41,0.0,0,0.0,0.0,,0.0,0,0.0,0.0,,0.0,bidTooLow
2019-01-30,1.0,0.0,0.0,0,267.58,0.0,0,0.0,0.0,,0.0,0,0.0,0.0,,0.0,bidTooLow
2019-01-31,1.0,0.0,0.0,0,269.93,0.0,0,0.0,0.0,,0.0,0,0.0,0.0,,0.0,bidTooLow
2019-02-01,1.0,0.0,0.0,0,270.06,0.0,0,0.0,0.0,,0.0,0,0.0,0.0,,0.0,bidTooLow
2019-02-04,1.0,0.0,0.0,0,271.96,0.0,0,0.0,0.0,,0.0,0,0.0,0.0,,0.0,bidTooLow
2019-02-05,1.0,0.0,0.0,0,273.1,0.0,0,0.0,0.0,,0.0,0,0.0,0.0,,0.0,bidTooLow
2019-02-06,1.0,0.0,0.0,0,272.74,0.0,0,0.0,0.0,,0.0,0,0.0,0.0,,0.0,bidTooLow
2019-02-07,1.0,0.0,0.0,0,270.14,0.0,0,0.0,0.0,,0.0,0,0.0,0.0,,0.0,bidTooLow
2019-02-08,1.0,0.0,0.0,0,270.47,0.0,0,0.0,0.0,,0.0,0,0.0,0.0,,0.0,bidTooLow
2019-02-11,1.0,0.0,0.0,0,270.62,0.0,0,0.0,0.0,,0.0,0,0.0,0.0,,0.0,bidTooLow
2019-02-12,1.0,0.0,0.0,0,274.1,0.0,0,0.0,0.0,,0.0,0,0.0,0.0,,0.0,bidTooLow
2019-02-13,1.0,0.0,0.0,0,274.99,0.0,0,0.0,0.0,,0.0,0,0.0,0.0,,0.0,bidTooLow
2019-02-14,1.0,0.0,0.0,0,274.38,0.0,0,0.0,0.0,,0.0,0,0.0,0.0,,0.0,bidTooLow
2019-02-15,1.0,0.0,0.0,0,277.37,0.0,0,0.0,0.0,,0.0,0,0.0,0.0,,0.0,bidTooLow
2019-02-19,1.0,0.0,0.0,0,277.85,0.0,0,0.0,0.0,,0.0,0,0.0,0.0,,0.0,bidTooLow
2019-02-20,1.0,0.0,0.0,0,278.41,0.0,0,0.0,0.0,,0.0,0,0.0,0.0,,0.0,bidTooLow
2019-02-21,1.0,0.0,0.0,0,277.42,0.0,0,0.0,0.0,,0.0,0,0.0,0.0,,0.0,bidTooLow
2019-02-22,1.0,0.0,0.0,0,279.14,0.0,0,0.0,0.0,,0.0,0,0.0,0.0,,0.0,bidTooLow
2019-02-25,1.0,0.0,0.0,0,279.52,0.0,0,0.0,0.0,,0.0,0,0.0,0.0,,0.0,bidTooLow
2019-02-26,1.0,0.0,0.0,0,279.32,0.0,0,0.0,0.0,,0.0,0,0.0,0.0,,0.0,bidTooLow
2019-02-27,1.0,0.0,0.0,0,279.2,0.0,0,0.0,0.0,,0.0,0,0.0,0.0,,0.0,bidTooLow
2019-02-28,1.0,0.0,0.0,0,278.68,0.0,0,0.0,0.0,,0.0,0,0.0,0.0,,0.0,bidTooLow
2019-03-01,1.0,0.0,0.0,0,280.42,0.0,0,0.0,0.0,,0.0,0,0.0,0.0,,0.0,bidTooLow
2019-03-04,1.0,0.0,0.0,0,279.4,0.0,0,0.0,0.0,,0.0,0,0.0,0.0,,0.0,bidTooLow
2019-03-05,1.0,-3.0,0.0,0,279.02,0.0,1,0.02,0.05,SPY190308P00269000,269.0,0,0.0,0.0,,0.0,normalDay
2019-03-06,1.0,-4.0,0.0,0,277.33,0.0,1,0.02,0.06,SPY190308P00269000,269.0,0,0.0,0.0,,0.0,normalDay
2019-03-07,1.0,-2.0,0.0,0,275.01,0.0,1,0.02,0.04,SPY190308P00269000,269.0,0,0.0,0.0,,0.0,normalDay
2019-03-08,3.0,0.0,2.0,0,274.46,0.0,1,0.02,0.0,SPY190308P00269000,269.0,0,0.0,0.0,,0.0,expirationDay
2019-03-11,3.0,-3.0,0.0,0,278.44,0.0,1,0.03,0.06,SPY190313P00272000,272.0,0,0.0,0.0,,0.0,normalDay
2019-03-12,3.0,1.0,0.0,0,279.49,0.0,1,0.03,0.02,SPY190313P00272000,272.0,0,0.0,0.0,,0.0,normalDay
2019-03-13,6.0,0.0,3.0,0,281.34,0.0,1,0.03,0.0,SPY190313P00272000,272.0,0,0.0,0.0,,0.0,expirationDay
2019-03-14,6.0,-3.0,0.0,0,281.16,0.0,1,0.02,0.05,SPY190315P00274500,274.5,0,0.0,0.0,,0.0,normalDay
2019-03-15,8.0,0.0,2.0,0,281.31,0.0,1,0.02,0.0,SPY190315P00274500,274.5,0,0.0,0.0,,0.0,expirationDay
2019-03-18,8.0,0.0,0.0,0,282.33,0.0,0,0.0,0.0,,0.0,0,0.0,0.0,,0.0,bidTooLow
2019-03-19,8.0,-3.0,0.0,0,282.4,0.0,1,0.08,0.11,SPY190322P00275000,275.0,0,0.0,0.0,,0.0,normalDay
2019-03-20,8.0,0.0,0.0,0,281.55,0.0,1,0.08,0.08,SPY190322P00275000,275.0,0,0.0,0.0,,0.0,normalDay
2019-03-21,8.0,6.0,0.0,0,284.73,0.0,1,0.08,0.02,SPY190322P00275000,275.0,0,0.0,0.0,,0.0,normalDay
2019-03-22,16.0,0.0,8.0,0,279.25,0.0,1,0.08,0.0,SPY190322P00275000,275.0,0,0.0,0.0,,0.0,expirationDay
2019-03-25,16.0,-3.0,0.0,0,279.04,0.0,1,0.18,0.21,SPY190327P00274500,274.5,0,0.0,0.0,,0.0,normalDay
2019-03-26,16.0,15.0,0.0,0,281.12,0.0,1,0.18,0.03,SPY190327P00274500,274.5,0,0.0,0.0,,0.0,normalDay
2019-03-27,34.0,0.0,18.0,0,279.65,0.0,1,0.18,0.0,SPY190327P00274500,274.5,0,0.0,0.0,,0.0,expirationDay
2019-03-28,34.0,-3.0,0.0,0,280.71,0.0,1,0.01,0.04,SPY190329P00275000,275.0,0,0.0,0.0,,0.0,normalDay
2019-03-29,35.0,0.0,1.0,0,282.48,0.0,1,0.01,0.0,SPY190329P00275000,275.0,0,0.0,0.0,,0.0,expirationDay
2019-04-01,35.0,0.0,0.0,0,285.83,0.0,0,0.0,0.0,,0.0,0,0.0,0.0,,0.0,bidTooLow
2019-04-02,35.0,0.0,0.0,0,285.97,0.0,0,0.0,0.0,,0.0,0,0.0,0.0,,0.0,bidTooLow
2019-04-03,35.0,0.0,0.0,0,286.42,0.0,0,0.0,0.0,,0.0,0,0.0,0.0,,0.0,bidTooLow
2019-04-04,35.0,0.0,0.0,0,287.18,0.0,0,0.0,0.0,,0.0,0,0.0,0.0,,0.0,bidTooLow
2019-04-05,35.0,0.0,0.0,0,288.57,0.0,0,0.0,0.0,,0.0,0,0.0,0.0,,0.0,bidTooLow
2019-04-08,35.0,0.0,0.0,0,288.79,0.0,0,0.0,0.0,,0.0,0,0.0,0.0,,0.0,bidTooLow
2019-04-09,35.0,0.0,0.0,0,287.31,0.0,0,0.0,0.0,,0.0,0,0.0,0.0,,0.0,bidTooLow
2019-04-10,35.0,0.0,0.0,0,288.29,0.0,0,0.0,0.0,,0.0,0,0.0,0.0,,0.0,bidTooLow
2019-04-11,35.0,0.0,0.0,0,288.21,0.0,0,0.0,0.0,,0.0,0,0.0,0.0,,0.0,bidTooLow
2019-04-12,35.0,0.0,0.0,0,290.16,0.0,0,0.0,0.0,,0.0,0,0.0,0.0,,0.0,bidTooLow
2019-04-15,35.0,0.0,0.0,0,289.97,0.0,0,0.0,0.0,,0.0,0,0.0,0.0,,0.0,bidTooLow
2019-04-16,35.0,0.0,0.0,0,290.16,0.0,0,0.0,0.0,,0.0,0,0.0,0.0,,0.0,bidTooLow
2019-04-17,35.0,0.0,0.0,0,289.45,0.0,0,0.0,0.0,,0.0,0,0.0,0.0,,0.0,bidTooLow
2019-04-18,35.0,0.0,0.0,0,290.02,0.0,0,0.0,0.0,,0.0,0,0.0,0.0,,0.0,bidTooLow
2019-04-22,35.0,0.0,0.0,0,290.27,0.0,0,0.0,0.0,,0.0,0,0.0,0.0,,0.0,bidTooLow
2019-04-23,35.0,0.0,0.0,0,292.88,0.0,0,0.0,0.0,,0.0,0,0.0,0.0,,0.0,bidTooLow
2019-04-24,35.0,0.0,0.0,0,292.23,0.0,0,0.0,0.0,,0.0,0,0.0,0.0,,0.0,bidTooLow
2019-04-25,35.0,0.0,0.0,0,292.05,0.0,0,0.0,0.0,,0.0,0,0.0,0.0,,0.0,bidTooLow
2019-04-26,35.0,0.0,0.0,0,293.41,0.0,0,0.0,0.0,,0.0,0,0.0,0.0,,0.0,bidTooLow
2019-04-29,35.0,-3.0,0.0,0,293.87,0.0,1,0.01,0.04,SPY190501P00284500,284.5,0,0.0,0.0,,0.0,normalDay
2019-04-30,35.0,-1.0,0.0,0,294.02,0.0,1,0.01,0.02,SPY190501P00284500,284.5,0,0.0,0.0,,0.0,normalDay
2019-05-01,36.0,0.0,1.0,0,291.81,0.0,1,0.01,0.0,SPY190501P00284500,284.5,0,0.0,0.0,,0.0,expirationDay
2019-05-02,36.0,-3.0,0.0,0,291.18,0.0,1,0.03,0.06,SPY190503P00286000,286.0,0,0.0,0.0,,0.0,normalDay
2019-05-03,39.0,0.0,3.0,0,294.03,0.0,1,0.03,0.0,SPY190503P00286000,286.0,0,0.0,0.0,,0.0,expirationDay
2019-05-06,39.0,-3.0,0.0,0,292.82,0.0,1,0.11,0.14,SPY190508P00286500,286.5,0,0.0,0.0,,0.0,normalDay
2019-05-07,39.0,-70.0,0.0,0,287.93,0.0,1,0.11,0.81,SPY190508P00286500,286.5,0,0.0,0.0,,0.0,normalDay
2019-05-08,50.0,0.0,11.0,0,287.53,0.0,1,0.11,0.0,SPY190508P00286500,286.5,0,0.0,0.0,,0.0,expirationDay
2019-05-09,50.0,-4.0,0.0,0,286.66,0.0,1,1.61,1.65,SPY190510P00286000,286.0,0,0.0,0.0,,0.0,normalDay
2019-05-10,211.0,0.0,161.0,0,288.1,0.0,1,1.61,0.0,SPY190510P00286000,286.0,0,0.0,0.0,,0.0,expirationDay
2019-05-13,211.0,-8.0,0.0,0,280.86,0.0,1,3.9,3.98,SPY190515P00284000,284.0,0,0.0,0.0,,0.0,normalDay
2019-05-14,211.0,246.0,0.0,0,283.4,0.0,1,3.9,1.44,SPY190515P00284000,284.0,0,0.0,0.0,,0.0,normalDay
2019-05-15,601.0,0.0,390.0,0,285.06,0.0,1,3.9,0.0,SPY190515P00284000,284.0,0,0.0,0.0,,0.0,expirationDay
2019-05-16,601.0,-3.0,0.0,0,287.7,0.0,1,0.05,0.08,SPY190517P00282000,282.0,0,0.0,0.0,,0.0,normalDay
2019-05-17,606.0,0.0,5.0,0,285.84,0.0,1,0.05,0.0,SPY190517P00282000,282.0,0,0.0,0.0,,0.0,expirationDay
2019-05-20,606.0,-4.0,0.0,0,283.95,0.0,1,0.49,0.53,SPY190522P00281000,281.0,0,0.0,0.0,,0.0,normalDay
2019-05-21,606.0,44.0,0.0,0,286.51,0.0,1,0.49,0.05,SPY190522P00281000,281.0,0,0.0,0.0,,0.0,normalDay
2019-05-22,655.0,0.0,49.0,0,285.63,0.0,1,0.49,0.0,SPY190522P00281000,281.0,0,0.0,0.0,,0.0,expirationDay
2019-05-23,655.0,-4.0,0.0,0,282.14,0.0,1,0.31,0.35,SPY190524P00279000,279.0,0,0.0,0.0,,0.0,normalDay
2019-05-24,686.0,0.0,31.0,0,282.78,0.0,1,0.31,0.0,SPY190524P00279000,279.0,0,0.0,0.0,,0.0,expirationDay
2019-05-28,686.0,-4.0,0.0,0,280.15,0.0,1,1.09,1.13,SPY190531P00278000,278.0,0,0.0,0.0,,0.0,normalDay
2019-05-29,686.0,-41.0,0.0,0,278.27,0.0,1,1.09,1.5,SPY190531P00278000,278.0,0,0.0,0.0,,0.0,normalDay
2019-05-30,686.0,44.0,0.0,0,279.03,0.0,1,1.09,0.65,SPY190531P00278000,278.0,0,0.0,0.0,,0.0,normalDay
2019-05-31,795.0,-273.0,109.0,100,275.27,278.0,1,1.09,0.0,SPY190531P00278000,278.0,0,0.0,0.0,,0.0,expirationDay
2019-06-03,795.0,-347.0,0.0,100,274.57,278.0,0,0.0,0.0,,0.0,1,0.16,0.2,SPY190624C00289000,289.0,normalDay
2019-06-04,795.0,212.0,0.0,100,280.53,278.0,0,0.0,0.0,,0.0,1,0.16,0.57,SPY190624C00289000,289.0,normalDay
2019-06-05,795.0,421.0,0.0,100,282.96,278.0,0,0.0,0.0,,0.0,1,0.16,0.91,SPY190624C00289000,289.0,normalDay
2019-06-06,795.0,562.0,0.0,100,284.8,278.0,0,0.0,0.0,,0.0,1,0.16,1.34,SPY190624C00289000,289.0,normalDay
2019-06-07,795.0,737.0,0.0,100,287.65,278.0,0,0.0,0.0,,0.0,1,0.16,2.44,SPY190624C00289000,289.0,normalDay
2019-06-10,795.0,823.0,0.0,100,288.97,278.0,0,0.0,0.0,,0.0,1,0.16,2.9,SPY190624C00289000,289.0,normalDay
2019-06-11,795.0,840.0,0.0,100,288.9,278.0,0,0.0,0.0,,0.0,1,0.16,2.66,SPY190624C00289000,289.0,normalDay
2019-06-12,795.0,835.0,0.0,100,288.39,278.0,0,0.0,0.0,,0.0,1,0.16,2.2,SPY190624C00289000,289.0,normalDay
2019-06-13,795.0,902.0,0.0,100,289.58,278.0,0,0.0,0.0,,0.0,1,0.16,2.72,SPY190624C00289000,289.0,normalDay
2019-06-14,795.0,915.0,0.0,100,289.26,278.0,0,0.0,0.0,,0.0,1,0.16,2.27,SPY190624C00289000,289.0,normalDay
2019-06-17,795.0,954.0,0.0,100,289.37,278.0,0,0.0,0.0,,0.0,1,0.16,1.99,SPY190624C00289000,289.0,normalDay
2019-06-18,795.0,1044.0,0.0,100,292.4,278.0,0,0.0,0.0,,0.0,1,0.16,4.12,SPY190624C00289000,289.0,normalDay
2019-06-19,795.0,1078.0,0.0,100,293.06,278.0,0,0.0,0.0,,0.0,1,0.16,4.44,SPY190624C00289000,289.0,normalDay
2019-06-20,795.0,1089.0,0.0,100,295.86,278.0,0,0.0,0.0,,0.0,1,0.16,7.13,SPY190624C00289000,289.0,normalDay
2019-06-21,795.0,1084.0,0.0,100,294.0,278.0,0,0.0,0.0,,0.0,1,0.16,5.32,SPY190624C00289000,289.0,normalDay
2019-06-24,1911.0,1084.0,1116.0,0,293.64,0.0,0,0.0,0.0,,0.0,1,0.16,0.0,SPY190624C00289000,289.0,expirationDay
2019-06-25,1911.0,0.0,0.0,0,290.76,0.0,0,0.0,0.0,,0.0,0,0.0,0.0,,0.0,bidTooLow
2019-06-26,1911.0,0.0,0.0,0,290.47,0.0,0,0.0,0.0,,0.0,0,0.0,0.0,,0.0,bidTooLow
2019-06-27,1911.0,0.0,0.0,0,291.5,0.0,0,0.0,0.0,,0.0,0,0.0,0.0,,0.0,bidTooLow
2019-06-28,1911.0,-3.0,0.0,0,293.0,0.0,1,0.01,0.04,SPY190701P00278500,278.5,0,0.0,0.0,,0.0,normalDay
2019-07-01,1912.0,0.0,1.0,0,295.66,0.0,1,0.01,0.0,SPY190701P00278500,278.5,0,0.0,0.0,,0.0,expirationDay
2019-07-02,1912.0,0.0,0.0,0,296.43,0.0,0,0.0,0.0,,0.0,0,0.0,0.0,,0.0,bidTooLow
2019-07-03,1912.0,0.0,0.0,0,298.8,0.0,0,0.0,0.0,,0.0,0,0.0,0.0,,0.0,bidTooLow
2019-07-05,1912.0,0.0,0.0,0,298.46,0.0,0,0.0,0.0,,0.0,0,0.0,0.0,,0.0,bidTooLow
2019-07-08,1912.0,0.0,0.0,0,296.82,0.0,0,0.0,0.0,,0.0,0,0.0,0.0,,0.0,bidTooLow
2019-07-09,1912.0,-3.0,0.0,0,297.19,0.0,1,0.01,0.04,SPY190712P00286000,286.0,0,0.0,0.0,,0.0,normalDay
2019-07-10,1912.0,-1.0,0.0,0,298.61,0.0,1,0.01,0.02,SPY190712P00286000,286.0,0,0.0,0.0,,0.0,normalDay
2019-07-11,1912.0,0.0,0.0,0,299.31,0.0,1,0.01,0.01,SPY190712P00286000,286.0,0,0.0,0.0,,0.0,normalDay
2019-07-12,1913.0,0.0,1.0,0,300.65,0.0,1,0.01,0.0,SPY190712P00286000,286.0,0,0.0,0.0,,0.0,expirationDay
2019-07-15,1913.0,0.0,0.0,0,300.75,0.0,0,0.0,0.0,,0.0,0,0.0,0.0,,0.0,bidTooLow
2019-07-16,1913.0,-3.0,0.0,0,299.78,0.0,1,0.03,0.06,SPY190719P00289000,289.0,0,0.0,0.0,,0.0,normalDay
2019-07-17,1913.0,-2.0,0.0,0,297.74,0.0,1,0.03,0.05,SPY190719P00289000,289.0,0,0.0,0.0,,0.0,normalDay
2019-07-18,1913.0,0.0,0.0,0,298.83,0.0,1,0.03,0.03,SPY190719P00289000,289.0,0,0.0,0.0,,0.0,normalDay
2019-07-19,1916.0,0.0,3.0,0,297.17,0.0,1,0.03,0.0,SPY190719P00289000,289.0,0,0.0,0.0,,0.0,expirationDay
2019-07-22,1916.0,0.0,0.0,0,297.9,0.0,0,0.0,0.0,,0.0,0,0.0,0.0,,0.0,bidTooLow
2019-07-23,1916.0,-3.0,0.0,0,300.03,0.0,1,0.01,0.04,SPY190726P00290500,290.5,0,0.0,0.0,,0.0,normalDay
2019-07-24,1916.0,-2.0,0.0,0,301.44,0.0,1,0.01,0.03,SPY190726P00290500,290.5,0,0.0,0.0,,0.0,normalDay
2019-07-25,1916.0,-1.0,0.0,0,300.0,0.0,1,0.01,0.02,SPY190726P00290500,290.5,0,0.0,0.0,,0.0,normalDay
2019-07-26,1917.0,0.0,1.0,0,302.01,0.0,1,0.01,0.0,SPY190726P00290500,290.5,0,0.0,0.0,,0.0,expirationDay
2019-07-29,1917.0,-3.0,0.0,0,301.46,0.0,1,0.06,0.09,SPY190731P00295000,295.0,0,0.0,0.0,,0.0,normalDay
2019-07-30,1917.0,-3.0,0.0,0,300.72,0.0,1,0.06,0.09,SPY190731P00295000,295.0,0,0.0,0.0,,0.0,normalDay
2019-07-31,1923.0,0.0,6.0,0,297.43,0.0,1,0.06,0.0,SPY190731P00295000,295.0,0,0.0,0.0,,0.0,expirationDay
2019-08-01,1923.0,-5.0,0.0,0,294.84,0.0,1,1.26,1.31,SPY190802P00295000,295.0,0,0.0,0.0,,0.0,normalDay
2019-08-02,2049.0,-238.0,126.0,100,292.62,295.0,1,1.26,0.0,SPY190802P00295000,295.0,0,0.0,0.0,,0.0,expirationDay
2019-08-05,2049.0,-1122.0,0.0,100,283.82,295.0,0,0.0,0.0,,0.0,1,0.1,0.14,SPY190826C00303000,303.0,normalDay
2019-08-06,2049.0,-723.0,0.0,100,287.8,295.0,0,0.0,0.0,,0.0,1,0.1,0.13,SPY190826C00303000,303.0,normalDay
2019-08-07,2049.0,-702.0,0.0,100,287.97,295.0,0,0.0,0.0,,0.0,1,0.1,0.09,SPY190826C00303000,303.0,normalDay
2019-08-08,2049.0,-159.0,0.0,100,293.62,295.0,0,0.0,0.0,,0.0,1,0.1,0.31,SPY190826C00303000,303.0,normalDay
2019-08-09,2049.0,-344.0,0.0,100,291.62,295.0,0,0.0,0.0,,0.0,1,0.1,0.16,SPY190826C00303000,303.0,normalDay
2019-08-12,2049.0,-690.0,0.0,100,288.07,295.0,0,0.0,0.0,,0.0,1,0.1,0.07,SPY190826C00303000,303.0,normalDay
2019-08-13,2049.0,-246.0,0.0,100,292.55,295.0,0,0.0,0.0,,0.0,1,0.1,0.11,SPY190826C00303000,303.0,normalDay
2019-08-14,2049.0,-1103.0,0.0,100,283.9,295.0,0,0.0,0.0,,0.0,1,0.1,0.03,SPY190826C00303000,303.0,normalDay
2019-08-15,2049.0,-1027.0,0.0,100,284.65,295.0,0,0.0,0.0,,0.0,1,0.1,0.02,SPY190826C00303000,303.0,normalDay
2019-08-16,2049.0,-607.0,0.0,100,288.85,295.0,0,0.0,0.0,,0.0,1,0.1,0.02,SPY190826C00303000,303.0,normalDay
2019-08-19,2049.0,-259.0,0.0,100,292.33,295.0,0,0.0,0.0,,0.0,1,0.1,0.02,SPY190826C00303000,303.0,normalDay
2019-08-20,2049.0,-483.0,0.0,100,290.09,295.0,0,0.0,0.0,,0.0,1,0.1,0.02,SPY190826C00303000,303.0,normalDay
2019-08-21,2049.0,-246.0,0.0,100,292.45,295.0,0,0.0,0.0,,0.0,1,0.1,0.01,SPY190826C00303000,303.0,normalDay
2019-08-22,2049.0,-255.0,0.0,100,292.36,295.0,0,0.0,0.0,,0.0,1,0.1,0.01,SPY190826C00303000,303.0,normalDay
2019-08-23,2049.0,-1006.0,0.0,100,284.85,295.0,0,0.0,0.0,,0.0,1,0.1,0.01,SPY190826C00303000,303.0,normalDay
2019-08-26,2059.0,-700.0,10.0,100,288.0,295.0,0,0.0,0.0,,0.0,1,0.1,0.0,SPY190826C00303000,303.0,expirationDay
2019-08-27,2059.0,-817.0,0.0,100,286.87,295.0,0,0.0,0.0,,0.0,1,1.44,1.48,SPY190916C00294000,294.0,normalDay
2019-08-28,2059.0,-655.0,0.0,100,288.89,295.0,0,0.0,0.0,,0.0,1,1.44,1.88,SPY190916C00294000,294.0,normalDay
2019-08-29,2059.0,-404.0,0.0,100,292.58,295.0,0,0.0,0.0,,0.0,1,1.44,3.06,SPY190916C00294000,294.0,normalDay
2019-08-30,2059.0,-418.0,0.0,100,292.45,295.0,0,0.0,0.0,,0.0,1,1.44,3.07,SPY190916C00294000,294.0,normalDay
2019-09-03,2059.0,-471.0,0.0,100,290.74,295.0,0,0.0,0.0,,0.0,1,1.44,1.89,SPY190916C00294000,294.0,normalDay
2019-09-04,2059.0,-244.0,0.0,100,294.04,295.0,0,0.0,0.0,,0.0,1,1.44,2.92,SPY190916C00294000,294.0,normalDay
2019-09-05,2059.0,-63.0,0.0,100,297.82,295.0,0,0.0,0.0,,0.0,1,1.44,4.89,SPY190916C00294000,294.0,normalDay
2019-09-06,2059.0,-58.0,0.0,100,298.05,295.0,0,0.0,0.0,,0.0,1,1.44,5.07,SPY190916C00294000,294.0,normalDay
2019-09-09,2059.0,-11.0,0.0,100,298.2,295.0,0,0.0,0.0,,0.0,1,1.44,4.75,SPY190916C00294000,294.0,normalDay
2019-09-10,2059.0,-3.0,0.0,100,298.13,295.0,0,0.0,0.0,,0.0,1,1.44,4.6,SPY190916C00294000,294.0,normalDay
2019-09-11,2059.0,12.0,0.0,100,300.25,295.0,0,0.0,0.0,,0.0,1,1.44,6.57,SPY190916C00294000,294.0,normalDay
2019-09-12,2059.0,4.0,0.0,100,301.29,295.0,0,0.0,0.0,,0.0,1,1.44,7.69,SPY190916C00294000,294.0,normalDay
2019-09-13,2059.0,24.0,0.0,100,301.09,295.0,0,0.0,0.0,,0.0,1,1.44,7.29,SPY190916C00294000,294.0,normalDay
2019-09-16,2103.0,24.0,44.0,0,300.16,0.0,0,0.0,0.0,,0.0,1,1.44,0.0,SPY190916C00294000,294.0,expirationDay
2019-09-17,2103.0,-3.0,0.0,0,300.92,0.0,1,0.05,0.08,SPY190920P00283500,283.5,0,0.0,0.0,,0.0,normalDay
2019-09-18,2103.0,-1.0,0.0,0,301.1,0.0,1,0.05,0.06,SPY190920P00283500,283.5,0,0.0,0.0,,0.0,normalDay
2019-09-19,2103.0,0.0,0.0,0,301.08,0.0,1,0.05,0.05,SPY190920P00283500,283.5,0,0.0,0.0,,0.0,normalDay
2019-09-20,2108.0,0.0,5.0,0,298.28,0.0,1,0.05,0.0,SPY190920P00283500,283.5,0,0.0,0.0,,0.0,expirationDay
2019-09-23,2108.0,0.0,0.0,0,298.21,0.0,0,0.0,0.0,,0.0,0,0.0,0.0,,0.0,bidTooLow
2019-09-24,2108.0,-3.0,0.0,0,295.87,0.0,1,0.2,0.23,SPY190927P00287500,287.5,0,0.0,0.0,,0.0,normalDay
2019-09-25,2108.0,13.0,0.0,0,297.62,0.0,1,0.2,0.07,SPY190927P00287500,287.5,0,0.0,0.0,,0.0,normalDay
2019-09-26,2108.0,18.0,0.0,0,297.0,0.0,1,0.2,0.02,SPY190927P00287500,287.5,0,0.0,0.0,,0.0,normalDay
2019-09-27,2128.0,0.0,20.0,0,295.4,0.0,1,0.2,0.0,SPY190927P00287500,287.5,0,0.0,0.0,,0.0,expirationDay
2019-09-30,2128.0,-3.0,0.0,0,296.77,0.0,1,0.14,0.17,SPY191002P00292000,292.0,0,0.0,0.0,,0.0,normalDay
2019-10-01,2128.0,-48.0,0.0,0,293.24,0.0,1,0.14,0.62,SPY191002P00292000,292.0,0,0.0,0.0,,0.0,normalDay
2019-10-02,2142.0,-394.0,14.0,100,288.06,292.0,1,0.14,0.0,SPY191002P00292000,292.0,0,0.0,0.0,,0.0,expirationDay
2019-10-03,2142.0,-161.0,0.0,100,290.42,292.0,0,0.0,0.0,,0.0,1,0.33,0.36,SPY191023C00302000,302.0,normalDay
2019-10-04,2142.0,199.0,0.0,100,294.35,292.0,0,0.0,0.0,,0.0,1,0.33,0.69,SPY191023C00302000,302.0,normalDay
2019-10-07,2142.0,101.0,0.0,100,293.08,292.0,0,0.0,0.0,,0.0,1,0.33,0.4,SPY191023C00302000,302.0,normalDay
2019-10-08,2142.0,-329.0,0.0,100,288.53,292.0,0,0.0,0.0,,0.0,1,0.33,0.15,SPY191023C00302000,302.0,normalDay
2019-10-09,2142.0,-60.0,0.0,100,291.27,292.0,0,0.0,0.0,,0.0,1,0.33,0.2,SPY191023C00302000,302.0,normalDay
2019-10-10,2142.0,118.0,0.0,100,293.24,292.0,0,0.0,0.0,,0.0,1,0.33,0.39,SPY191023C00302000,302.0,normalDay
2019-10-11,2142.0,394.0,0.0,100,296.28,292.0,0,0.0,0.0,,0.0,1,0.33,0.67,SPY191023C00302000,302.0,normalDay
2019-10-14,2142.0,407.0,0.0,100,295.95,292.0,0,0.0,0.0,,0.0,1,0.33,0.21,SPY191023C00302000,302.0,normalDay
2019-10-15,2142.0,663.0,0.0,100,298.88,292.0,0,0.0,0.0,,0.0,1,0.33,0.58,SPY191023C00302000,302.0,normalDay
2019-10-16,2142.0,639.0,0.0,100,298.4,292.0,0,0.0,0.0,,0.0,1,0.33,0.34,SPY191023C00302000,302.0,normalDay
2019-10-17,2142.0,726.0,0.0,100,299.28,292.0,0,0.0,0.0,,0.0,1,0.33,0.35,SPY191023C00302000,302.0,normalDay
2019-10-18,2142.0,614.0,0.0,100,297.97,292.0,0,0.0,0.0,,0.0,1,0.33,0.16,SPY191023C00302000,302.0,normalDay
2019-10-21,2142.0,808.0,0.0,100,299.99,292.0,0,0.0,0.0,,0.0,1,0.33,0.24,SPY191023C00302000,302.0,normalDay
2019-10-22,2142.0,730.0,0.0,100,299.01,292.0,0,0.0,0.0,,0.0,1,0.33,0.04,SPY191023C00302000,302.0,normalDay
2019-10-23,2175.0,788.0,33.0,100,299.88,292.0,0,0.0,0.0,,0.0,1,0.33,0.0,SPY191023C00302000,302.0,expirationDay
2019-10-24,2175.0,832.0,0.0,100,300.37,292.0,0,0.0,0.0,,0.0,1,3.23,3.28,SPY191113C00300000,300.0,normalDay
2019-10-25,2175.0,902.0,0.0,100,301.6,292.0,0,0.0,0.0,,0.0,1,3.23,3.81,SPY191113C00300000,300.0,normalDay
2019-10-28,2175.0,960.0,0.0,100,303.3,292.0,0,0.0,0.0,,0.0,1,3.23,4.93,SPY191113C00300000,300.0,normalDay
2019-10-29,2175.0,963.0,0.0,100,303.21,292.0,0,0.0,0.0,,0.0,1,3.23,4.81,SPY191113C00300000,300.0,normalDay
2019-10-30,2175.0,982.0,0.0,100,304.14,292.0,0,0.0,0.0,,0.0,1,3.23,5.55,SPY191113C00300000,300.0,normalDay
2019-10-31,2175.0,983.0,0.0,100,303.33,292.0,0,0.0,0.0,,0.0,1,3.23,4.73,SPY191113C00300000,300.0,normalDay
2019-11-01,2175.0,1059.0,0.0,100,306.14,292.0,0,0.0,0.0,,0.0,1,3.23,6.78,SPY191113C00300000,300.0,normalDay
2019-11-04,2175.0,1080.0,0.0,100,307.37,292.0,0,0.0,0.0,,0.0,1,3.23,7.8,SPY191113C00300000,300.0,normalDay
2019-11-05,2175.0,1084.0,0.0,100,307.03,292.0,0,0.0,0.0,,0.0,1,3.23,7.42,SPY191113C00300000,300.0,normalDay
2019-11-06,2175.0,1078.0,0.0,100,307.1,292.0,0,0.0,0.0,,0.0,1,3.23,7.55,SPY191113C00300000,300.0,normalDay
2019-11-07,2175.0,1105.0,0.0,100,308.18,292.0,0,0.0,0.0,,0.0,1,3.23,8.36,SPY191113C00300000,300.0,normalDay
2019-11-08,2175.0,1109.0,0.0,100,308.94,292.0,0,0.0,0.0,,0.0,1,3.23,9.08,SPY191113C00300000,300.0,normalDay
2019-11-11,2175.0,1100.0,0.0,100,308.35,292.0,0,0.0,0.0,,0.0,1,3.23,8.58,SPY191113C00300000,300.0,normalDay
2019-11-12,2175.0,1140.0,0.0,100,309.0,292.0,0,0.0,0.0,,0.0,1,3.23,8.83,SPY191113C00300000,300.0,normalDay
2019-11-13,3298.0,1140.0,1123.0,0,309.1,0.0,0,0.0,0.0,,0.0,1,3.23,0.0,SPY191113C00300000,300.0,expirationDay
2019-11-14,3298.0,0.0,0.0,0,309.55,0.0,0,0.0,0.0,,0.0,0,0.0,0.0,,0.0,bidTooLow
2019-11-15,3298.0,0.0,0.0,0,311.79,0.0,0,0.0,0.0,,0.0,0,0.0,0.0,,0.0,bidTooLow
2019-11-18,3298.0,0.0,0.0,0,312.02,0.0,0,0.0,0.0,,0.0,0,0.0,0.0,,0.0,bidTooLow
2019-11-19,3298.0,-3.0,0.0,0,311.93,0.0,1,0.01,0.04,SPY191122P00299000,299.0,0,0.0,0.0,,0.0,normalDay
2019-11-20,3298.0,-4.0,0.0,0,310.77,0.0,1,0.01,0.05,SPY191122P00299000,299.0,0,0.0,0.0,,0.0,normalDay
2019-11-21,3298.0,-1.0,0.0,0,310.27,0.0,1,0.01,0.02,SPY191122P00299000,299.0,0,0.0,0.0,,0.0,normalDay
2019-11-22,3299.0,0.0,1.0,0,310.96,0.0,1,0.01,0.0,SPY191122P00299000,299.0,0,0.0,0.0,,0.0,expirationDay
2019-11-25,3299.0,0.0,0.0,0,313.37,0.0,0,0.0,0.0,,0.0,0,0.0,0.0,,0.0,bidTooLow
2019-11-26,3299.0,-3.0,0.0,0,314.08,0.0,1,0.01,0.04,SPY191129P00303000,303.0,0,0.0,0.0,,0.0,normalDay
2019-11-27,3299.0,-1.0,0.0,0,315.48,0.0,1,0.01,0.02,SPY191129P00303000,303.0,0,0.0,0.0,,0.0,normalDay
2019-11-29,3300.0,0.0,1.0,0,314.31,0.0,1,0.01,0.0,SPY191129P00303000,303.0,0,0.0,0.0,,0.0,expirationDay
2019-12-02,3300.0,-3.0,0.0,0,311.64,0.0,1,0.12,0.15,SPY191204P00305500,305.5,0,0.0,0.0,,0.0,normalDay
2019-12-03,3300.0,-3.0,0.0,0,309.55,0.0,1,0.12,0.15,SPY191204P00305500,305.5,0,0.0,0.0,,0.0,normalDay
2019-12-04,3312.0,0.0,12.0,0,311.46,0.0,1,0.12,0.0,SPY191204P00305500,305.5,0,0.0,0.0,,0.0,expirationDay
2019-12-05,3312.0,-3.0,0.0,0,312.02,0.0,1,0.04,0.07,SPY191206P00307000,307.0,0,0.0,0.0,,0.0,normalDay
2019-12-06,3316.0,0.0,4.0,0,314.87,0.0,1,0.04,0.0,SPY191206P00307000,307.0,0,0.0,0.0,,0.0,expirationDay
2019-12-09,3316.0,-3.0,0.0,0,313.88,0.0,1,0.13,0.16,SPY191211P00307500,307.5,0,0.0,0.0,,0.0,normalDay
2019-12-10,3316.0,8.0,0.0,0,313.53,0.0,1,0.13,0.05,SPY191211P00307500,307.5,0,0.0,0.0,,0.0,normalDay
2019-12-11,3329.0,0.0,13.0,0,314.42,0.0,1,0.13,0.0,SPY191211P00307500,307.5,0,0.0,0.0,,0.0,expirationDay
2019-12-12,3329.0,-3.0,0.0,0,317.13,0.0,1,0.02,0.05,SPY191213P00308500,308.5,0,0.0,0.0,,0.0,normalDay
2019-12-13,3331.0,0.0,2.0,0,317.32,0.0,1,0.02,0.0,SPY191213P00308500,308.5,0,0.0,0.0,,0.0,expirationDay
2019-12-16,3331.0,-3.0,0.0,0,319.5,0.0,1,0.03,0.06,SPY191218P00308000,308.0,0,0.0,0.0,,0.0,normalDay
2019-12-17,3331.0,1.0,0.0,0,319.57,0.0,1,0.03,0.02,SPY191218P00308000,308.0,0,0.0,0.0,,0.0,normalDay
2019-12-18,3334.0,0.0,3.0,0,319.59,0.0,1,0.03,0.0,SPY191218P00308000,308.0,0,0.0,0.0,,0.0,expirationDay
2019-12-19,3334.0,-3.0,0.0,0,320.9,0.0,1,0.01,0.04,SPY191220P00307500,307.5,0,0.0,0.0,,0.0,normalDay
2019-12-20,3335.0,0.0,1.0,0,320.73,0.0,1,0.01,0.0,SPY191220P00307500,307.5,0,0.0,0.0,,0.0,expirationDay
2019-12-23,3335.0,0.0,0.0,0,321.22,0.0,0,0.0,0.0,,0.0,0,0.0,0.0,,0.0,bidTooLow
2019-12-24,3335.0,0.0,0.0,0,321.23,0.0,0,0.0,0.0,,0.0,0,0.0,0.0,,0.0,bidTooLow
2019-12-26,3335.0,0.0,0.0,0,322.94,0.0,0,0.0,0.0,,0.0,0,0.0,0.0,,0.0,bidTooLow
2019-12-27,3335.0,0.0,0.0,0,322.86,0.0,0,0.0,0.0,,0.0,0,0.0,0.0,,0.0,bidTooLow
2019-12-30,3335.0,0.0,0.0,0,321.08,0.0,0,0.0,0.0,,0.0,0,0.0,0.0,,0.0,bidTooLow
2019-12-31,3335.0,-3.0,0.0,0,321.86,0.0,1,0.06,0.09,SPY200103P00309000,309.0,0,0.0,0.0,,0.0,normalDay
